{"focal_gamma": 2.9398197043239884, "focal_alpha": 0.40811066020010545, "n_estimators": 560}